1,0,1000000,0.440093,0
1,200000,1200000,0.433747,200000
1,400000,1400000,0.439901,400000
1,600000,1600000,0.442963,600000
1,800000,1800000,0.444162,800000
1,1000000,2000000,0.44221,1000000
1,1200000,2200000,0.447638,1200000
1,1400000,2400000,0.442152,1400000
1,1600000,2600000,0.436603,1600000
1,1800000,2800000,0.435124,1800000
1,2000000,3000000,0.436319,2000000
1,2200000,3200000,0.437928,2200000
1,2400000,3400000,0.442292,2400000
1,2600000,3600000,0.441322,2600000
1,2800000,3800000,0.44367,2800000
1,3000000,4000000,0.435173,3000000
1,3200000,4200000,0.42658,3200000
1,3400000,4400000,0.421875,3400000
1,3600000,4600000,0.425548,3600000
1,3800000,4800000,0.425255,3800000
1,4000000,5000000,0.42926,4000000
1,4200000,5200000,0.429049,4200000
1,4400000,5400000,0.430343,4400000
1,4600000,5600000,0.426153,4600000
1,4800000,5800000,0.422905,4800000
1,5000000,6000000,0.4254,5000000
1,5200000,6200000,0.428711,5200000
1,5400000,6400000,0.430431,5400000
1,5600000,6600000,0.432332,5600000
1,5800000,6800000,0.437573,5800000
1,6000000,7000000,0.435208,6000000
1,6200000,7200000,0.433243,6200000
1,6400000,7400000,0.43208,6400000
1,6600000,7600000,0.431242,6600000
1,6800000,7800000,0.435519,6800000
1,7000000,8000000,0.433706,7000000
1,7200000,8200000,0.437983,7200000
1,7400000,8400000,0.439284,7400000
1,7600000,8600000,0.440058,7600000
1,7800000,8800000,0.433259,7800000
1,8000000,9000000,0.434637,8000000
1,8200000,9200000,0.428371,8200000
1,8400000,9400000,0.428784,8400000
1,8600000,9600000,0.427828,8600000
1,8800000,9800000,0.423878,8800000
1,9000000,10000000,0.422751,9000000
1,9200000,10200000,0.431826,9200000
1,9400000,10400000,0.432213,9400000
1,9600000,10600000,0.438976,9600000
1,9800000,10800000,0.443478,9800000
1,10000000,11000000,0.447361,10000000
1,10200000,11200000,0.440157,10200000
1,10400000,11400000,0.438085,10400000
1,10600000,11600000,0.429798,10600000
1,10800000,11800000,0.429245,10800000
1,11000000,12000000,0.424477,11000000
1,11200000,12200000,0.426491,11200000
1,11400000,12400000,0.423379,11400000
1,11600000,12600000,0.430331,11600000
1,11800000,12800000,0.43546,11800000
1,12000000,13000000,0.43881,12000000
1,12200000,13200000,0.443134,12200000
1,12400000,13400000,0.443685,12400000
1,12600000,13600000,0.441108,12600000
1,12800000,13800000,0.438719,12800000
1,13000000,14000000,0.436725,13000000
1,13200000,14200000,0.43086,13200000
1,13400000,14400000,0.430457,13400000
1,13600000,14600000,0.430274,13600000
1,13800000,14800000,0.428586,13800000
1,14000000,15000000,0.426319,14000000
1,14200000,15200000,0.43137,14200000
1,14400000,15400000,0.435821,14400000
1,14600000,15600000,0.436454,14600000
1,14800000,15800000,0.438411,14800000
1,15000000,16000000,0.437489,15000000
1,15200000,16200000,0.432819,15200000
1,15400000,16400000,0.434069,15400000
1,15600000,16600000,0.437315,15600000
1,15800000,16800000,0.435072,15800000
1,16000000,17000000,0.436894,16000000
1,16200000,17200000,0.439933,16200000
1,16400000,17400000,0.44014,16400000
1,16600000,17600000,0.435582,16600000
1,16800000,17800000,0.433133,16800000
1,17000000,18000000,0.435508,17000000
1,17200000,18200000,0.430356,17200000
1,17400000,18400000,0.429148,17400000
1,17600000,18600000,0.428459,17600000
1,17800000,18800000,0.4315,17800000
1,18000000,19000000,0.429132,18000000
1,18200000,19200000,0.43204,18200000
1,18400000,19400000,0.428844,18400000
1,18600000,19600000,0.434861,18600000
1,18800000,19800000,0.440232,18800000
1,19000000,20000000,0.445613,19000000
1,19200000,20200000,0.446415,19200000
1,19400000,20400000,0.449018,19400000
1,19600000,20600000,0.438669,19600000
1,19800000,20800000,0.435648,19800000
1,20000000,21000000,0.432165,20000000
1,20200000,21200000,0.431612,20200000
1,20400000,21400000,0.439198,20400000
1,20600000,21600000,0.444585,20600000
1,20800000,21800000,0.445965,20800000
1,21000000,22000000,0.444207,21000000
1,21200000,22200000,0.443223,21200000
1,21400000,22400000,0.433738,21400000
1,21600000,22600000,0.433352,21600000
1,21800000,22800000,0.427238,21800000
1,22000000,23000000,0.426315,22000000
1,22200000,23200000,0.427275,22200000
1,22400000,23400000,0.431629,22400000
1,22600000,23600000,0.436706,22600000
1,22800000,23800000,0.439,22800000
1,23000000,24000000,0.439436,23000000
1,23200000,24200000,0.439714,23200000
1,23400000,24400000,0.435981,23400000
1,23600000,24600000,0.429901,23600000
1,23800000,24800000,0.430635,23800000
1,24000000,25000000,0.433611,24000000
1,24200000,25200000,0.436383,24200000
1,24400000,25400000,0.433853,24400000
1,24600000,25600000,0.434248,24600000
1,24800000,25800000,0.436369,24800000
1,25000000,26000000,0.438823,25000000
1,25200000,26200000,0.438202,25200000
1,25400000,26400000,0.4452,25400000
1,25600000,26600000,0.446198,25600000
1,25800000,26800000,0.446373,25800000
1,26000000,27000000,0.449063,26000000
1,26200000,27200000,0.449311,26200000
1,26400000,27400000,0.446241,26400000
1,26600000,27600000,0.453849,26600000
1,26800000,27800000,0.447703,26800000
1,27000000,28000000,0.444172,27000000
1,27200000,28200000,0.442346,27200000
1,27400000,28400000,0.443348,27400000
1,27600000,28600000,0.437644,27600000
1,27800000,28800000,0.441786,27800000
1,28000000,29000000,0.44276,28000000
1,28200000,29200000,0.449138,28200000
1,28400000,29400000,0.45257,28400000
1,28600000,29600000,0.450949,28600000
1,28800000,29800000,0.449052,28800000
1,29000000,30000000,0.445365,29000000
1,29200000,30200000,0.437564,29200000
1,29400000,30400000,0.433567,29400000
1,29600000,30600000,0.438942,29600000
1,29800000,30800000,0.440179,29800000
1,30000000,31000000,0.440553,30000000
1,30200000,31200000,0.445087,30200000
1,30400000,31400000,0.449034,30400000
1,30600000,31600000,0.450027,30600000
1,30800000,31800000,0.451451,30800000
1,31000000,32000000,0.453077,31000000
1,31200000,32200000,0.449461,31200000
1,31400000,32400000,0.449435,31400000
1,31600000,32600000,0.441727,31600000
1,31800000,32800000,0.438389,31800000
1,32000000,33000000,0.433452,32000000
1,32200000,33200000,0.436407,32200000
1,32400000,33400000,0.434425,32400000
1,32600000,33600000,0.434944,32600000
1,32800000,33800000,0.439092,32800000
1,33000000,34000000,0.444417,33000000
1,33200000,34200000,0.446987,33200000
1,33400000,34400000,0.445832,33400000
1,33600000,34600000,0.444925,33600000
1,33800000,34800000,0.441109,33800000
1,34000000,35000000,0.437667,34000000
1,34200000,35200000,0.439017,34200000
1,34400000,35400000,0.442891,34400000
1,34600000,35600000,0.451574,34600000
1,34800000,35800000,0.452811,34800000
1,35000000,36000000,0.452446,35000000
1,35200000,36200000,0.448236,35200000
1,35400000,36400000,0.4442,35400000
1,35600000,36600000,0.442954,35600000
1,35800000,36800000,0.443497,35800000
1,36000000,37000000,0.451662,36000000
1,36200000,37200000,0.448797,36200000
1,36400000,37400000,0.45007,36400000
1,36600000,37600000,0.449515,36600000
1,36800000,37800000,0.448274,36800000
1,37000000,38000000,0.441917,37000000
1,37200000,38200000,0.446583,37200000
1,37400000,38400000,0.446406,37400000
1,37600000,38600000,0.440938,37600000
1,37800000,38800000,0.441832,37800000
1,38000000,39000000,0.442971,38000000
1,38200000,39200000,0.434868,38200000
1,38400000,39400000,0.43142,38400000
1,38600000,39600000,0.434289,38600000
1,38800000,39800000,0.436675,38800000
1,39000000,40000000,0.433431,39000000
1,39200000,40200000,0.437757,39200000
1,39400000,40400000,0.435987,39400000
1,39600000,40600000,0.428804,39600000
1,39800000,40800000,0.419448,39800000
1,40000000,41000000,0.419602,40000000
1,40200000,41200000,0.420068,40200000
1,40400000,41400000,0.424388,40400000
1,40600000,41600000,0.432854,40600000
1,40800000,41800000,0.43909,40800000
1,41000000,42000000,0.439873,41000000
1,41200000,42200000,0.43997,41200000
1,41400000,42400000,0.433539,41400000
1,41600000,42600000,0.432743,41600000
1,41800000,42800000,0.430528,41800000
1,42000000,43000000,0.433201,42000000
1,42200000,43200000,0.434629,42200000
1,42400000,43270923,0.4419874087605908,42400000
1,42600000,43270923,0.4399402017817246,42600000
1,42800000,43270923,0.44661866164956904,42800000
1,43000000,43270923,0.44694618028000577,43000000
1,43200000,43270923,0.4487401830153829,43200000
Mt,0,490520,0.4385223844083829,373874104
Mt,200000,490520,0.43833471017485887,374074104
Mt,400000,490520,0.43747238179407866,374274104
Pt,0,134525,0.3898606207024717,374364624
2,0,1000000,0.433152,123031172
2,200000,1200000,0.433134,123231172
2,400000,1400000,0.428901,123431172
2,600000,1600000,0.425377,123631172
2,800000,1800000,0.421229,123831172
2,1000000,2000000,0.42886,124031172
2,1200000,2200000,0.427058,124231172
2,1400000,2400000,0.426406,124431172
2,1600000,2600000,0.434169,124631172
2,1800000,2800000,0.434364,124831172
2,2000000,3000000,0.42894,125031172
2,2200000,3200000,0.434595,125231172
2,2400000,3400000,0.433071,125431172
2,2600000,3600000,0.426735,125631172
2,2800000,3800000,0.42448,125831172
2,3000000,4000000,0.427879,126031172
2,3200000,4200000,0.42049,126231172
2,3400000,4400000,0.418134,126431172
2,3600000,4600000,0.415838,126631172
2,3800000,4800000,0.417167,126831172
2,4000000,5000000,0.416867,127031172
2,4200000,5200000,0.417684,127231172
2,4400000,5400000,0.418972,127431172
2,4600000,5600000,0.421851,127631172
2,4800000,5800000,0.423353,127831172
2,5000000,6000000,0.416895,128031172
2,5200000,6200000,0.419852,128231172
2,5400000,6400000,0.417701,128431172
2,5600000,6600000,0.41913,128631172
2,5800000,6800000,0.41802,128831172
2,6000000,7000000,0.419736,129031172
2,6200000,7200000,0.41805,129231172
2,6400000,7400000,0.419512,129431172
2,6600000,7600000,0.416358,129631172
2,6800000,7800000,0.418519,129831172
2,7000000,8000000,0.420243,130031172
2,7200000,8200000,0.421966,130231172
2,7400000,8400000,0.423079,130431172
2,7600000,8600000,0.423739,130631172
2,7800000,8800000,0.419336,130831172
2,8000000,9000000,0.415202,131031172
2,8200000,9200000,0.412731,131231172
2,8400000,9400000,0.421295,131431172
2,8600000,9600000,0.423096,131631172
2,8800000,9800000,0.427627,131831172
2,9000000,10000000,0.42813,132031172
2,9200000,10200000,0.433379,132231172
2,9400000,10400000,0.426342,132431172
2,9600000,10600000,0.426544,132631172
2,9800000,10800000,0.428769,132831172
2,10000000,11000000,0.431684,133031172
2,10200000,11200000,0.430295,133231172
2,10400000,11400000,0.430292,133431172
2,10600000,11600000,0.428523,133631172
2,10800000,11800000,0.425448,133831172
2,11000000,12000000,0.429315,134031172
2,11200000,12200000,0.428085,134231172
2,11400000,12400000,0.425319,134431172
2,11600000,12600000,0.428719,134631172
2,11800000,12800000,0.426611,134831172
2,12000000,13000000,0.42285,135031172
2,12200000,13200000,0.422927,135231172
2,12400000,13400000,0.42839,135431172
2,12600000,13600000,0.432502,135631172
2,12800000,13800000,0.434258,135831172
2,13000000,14000000,0.433159,136031172
2,13200000,14200000,0.436091,136231172
2,13400000,14400000,0.437359,136431172
2,13600000,14600000,0.430251,136631172
2,13800000,14800000,0.429964,136831172
2,14000000,15000000,0.431348,137031172
2,14200000,15200000,0.432075,137231172
2,14400000,15400000,0.433579,137431172
2,14600000,15600000,0.435364,137631172
2,14800000,15800000,0.437239,137831172
2,15000000,16000000,0.435874,138031172
2,15200000,16200000,0.434848,138231172
2,15400000,16400000,0.428743,138431172
2,15600000,16600000,0.430328,138631172
2,15800000,16800000,0.434398,138831172
2,16000000,17000000,0.437431,139031172
2,16200000,17200000,0.434751,139231172
2,16400000,17400000,0.43438,139431172
2,16600000,17600000,0.43291,139631172
2,16800000,17800000,0.427447,139831172
2,17000000,18000000,0.428021,140031172
2,17200000,18200000,0.431929,140231172
2,17400000,18400000,0.431272,140431172
2,17600000,18600000,0.429523,140631172
2,17800000,18800000,0.427891,140831172
2,18000000,19000000,0.423863,141031172
2,18200000,19200000,0.419117,141231172
2,18400000,19400000,0.421733,141431172
2,18600000,19600000,0.42311,141631172
2,18800000,19800000,0.426684,141831172
2,19000000,20000000,0.425311,142031172
2,19200000,20200000,0.426731,142231172
2,19400000,20400000,0.425444,142431172
2,19600000,20600000,0.431112,142631172
2,19800000,20800000,0.428849,142831172
2,20000000,21000000,0.430956,143031172
2,20200000,21200000,0.426439,143231172
2,20400000,21400000,0.431521,143431172
2,20600000,21600000,0.426709,143631172
2,20800000,21800000,0.432172,143831172
2,21000000,22000000,0.432738,144031172
2,21200000,22200000,0.437837,144231172
2,21400000,22400000,0.434464,144431172
2,21600000,22600000,0.432182,144631172
2,21800000,22800000,0.429277,144831172
2,22000000,23000000,0.429901,145031172
2,22200000,23200000,0.432885,145231172
2,22400000,23400000,0.441552,145431172
2,22600000,23600000,0.447022,145631172
2,22800000,23800000,0.45053,145831172
2,23000000,24000000,0.447215,146031172
2,23200000,24200000,0.444844,146231172
2,23400000,24400000,0.439508,146431172
2,23600000,24600000,0.439653,146631172
2,23800000,24800000,0.43707,146831172
2,24000000,25000000,0.441897,147031172
2,24200000,25200000,0.448189,147231172
2,24400000,25400000,0.444143,147431172
2,24600000,25600000,0.442828,147631172
2,24800000,25800000,0.442268,147831172
2,25000000,26000000,0.44131,148031172
2,25200000,26200000,0.436997,148231172
2,25400000,26400000,0.442866,148431172
2,25600000,26600000,0.445059,148631172
2,25800000,26800000,0.445865,148831172
2,26000000,27000000,0.446225,149031172
2,26200000,27200000,0.448685,149231172
2,26400000,27400000,0.447392,149431172
2,26600000,27600000,0.444938,149631172
2,26800000,27800000,0.446885,149831172
2,27000000,28000000,0.449209,150031172
2,27200000,28200000,0.44921,150231172
2,27400000,28400000,0.448385,150431172
2,27600000,28600000,0.453246,150631172
2,27800000,28800000,0.450349,150831172
2,28000000,29000000,0.452778,151031172
2,28200000,29200000,0.448824,151231172
2,28400000,29400000,0.443539,151431172
2,28600000,29600000,0.441516,151631172
2,28800000,29800000,0.443116,151831172
2,29000000,30000000,0.439585,152031172
2,29200000,30200000,0.438462,152231172
2,29400000,30400000,0.447481,152431172
2,29600000,30600000,0.448322,152631172
2,29800000,30800000,0.448596,152831172
2,30000000,31000000,0.449618,153031172
2,30200000,31200000,0.447334,153231172
2,30400000,31400000,0.444661,153431172
2,30600000,31600000,0.44555,153631172
2,30800000,31800000,0.445114,153831172
2,31000000,32000000,0.451812,154031172
2,31200000,32200000,0.460806,154231172
2,31400000,32400000,0.462135,154431172
2,31600000,32600000,0.458415,154631172
2,31800000,32800000,0.45997,154831172
2,32000000,33000000,0.451791,155031172
2,32200000,33200000,0.441243,155231172
2,32400000,33400000,0.436158,155431172
2,32600000,33600000,0.437638,155631172
2,32800000,33800000,0.431121,155831172
2,33000000,34000000,0.428574,156031172
2,33200000,34200000,0.428188,156231172
2,33400000,34400000,0.428781,156431172
2,33600000,34600000,0.42854,156631172
2,33800000,34800000,0.433345,156831172
2,34000000,35000000,0.433309,157031172
2,34200000,35200000,0.434125,157231172
2,34400000,35400000,0.433289,157431172
2,34600000,35600000,0.431619,157631172
2,34800000,35800000,0.430901,157831172
2,35000000,35937250,0.4337956788476927,158031172
2,35200000,35937250,0.43886063072227877,158231172
2,35400000,35937250,0.4417105630525826,158431172
2,35600000,35937250,0.4427605633802817,158631172
2,35800000,35937250,0.44563934426229507,158831172
3,0,1000000,0.442483,158968422
3,200000,1200000,0.440859,159168422
3,400000,1400000,0.438064,159368422
3,600000,1600000,0.440546,159568422
3,800000,1800000,0.439207,159768422
3,1000000,2000000,0.439933,159968422
3,1200000,2200000,0.443358,160168422
3,1400000,2400000,0.446716,160368422
3,1600000,2600000,0.449206,160568422
3,1800000,2800000,0.451815,160768422
3,2000000,3000000,0.448498,160968422
3,2200000,3200000,0.450569,161168422
3,2400000,3400000,0.449975,161368422
3,2600000,3600000,0.448467,161568422
3,2800000,3800000,0.447597,161768422
3,3000000,4000000,0.447794,161968422
3,3200000,4200000,0.444441,162168422
3,3400000,4400000,0.438649,162368422
3,3600000,4600000,0.436358,162568422
3,3800000,4800000,0.43699,162768422
3,4000000,5000000,0.433042,162968422
3,4200000,5200000,0.431582,163168422
3,4400000,5400000,0.43547,163368422
3,4600000,5600000,0.436777,163568422
3,4800000,5800000,0.433262,163768422
3,5000000,6000000,0.433086,163968422
3,5200000,6200000,0.431083,164168422
3,5400000,6400000,0.433323,164368422
3,5600000,6600000,0.435061,164568422
3,5800000,6800000,0.438839,164768422
3,6000000,7000000,0.43931,164968422
3,6200000,7200000,0.44391,165168422
3,6400000,7400000,0.442198,165368422
3,6600000,7600000,0.444452,165568422
3,6800000,7800000,0.447174,165768422
3,7000000,8000000,0.448987,165968422
3,7200000,8200000,0.447333,166168422
3,7400000,8400000,0.451849,166368422
3,7600000,8600000,0.450752,166568422
3,7800000,8800000,0.449274,166768422
3,8000000,9000000,0.453433,166968422
3,8200000,9200000,0.459945,167168422
3,8400000,9400000,0.455916,167368422
3,8600000,9600000,0.451379,167568422
3,8800000,9800000,0.450556,167768422
3,9000000,10000000,0.449364,167968422
3,9200000,10200000,0.440596,168168422
3,9400000,10400000,0.437208,168368422
3,9600000,10600000,0.44093,168568422
3,9800000,10800000,0.442986,168768422
3,10000000,11000000,0.439695,168968422
3,10200000,11200000,0.441897,169168422
3,10400000,11400000,0.444003,169368422
3,10600000,11600000,0.438968,169568422
3,10800000,11800000,0.435619,169768422
3,11000000,12000000,0.436741,169968422
3,11200000,12200000,0.435524,170168422
3,11400000,12400000,0.434145,170368422
3,11600000,12600000,0.436222,170568422
3,11800000,12800000,0.436199,170768422
3,12000000,13000000,0.431801,170968422
3,12200000,13200000,0.427421,171168422
3,12400000,13400000,0.430723,171368422
3,12600000,13600000,0.441649,171568422
3,12800000,13800000,0.442576,171768422
3,13000000,14000000,0.449039,171968422
3,13200000,14200000,0.45339,172168422
3,13400000,14400000,0.444786,172368422
3,13600000,14600000,0.433712,172568422
3,13800000,14800000,0.430859,172768422
3,14000000,15000000,0.423668,172968422
3,14200000,15200000,0.425007,173168422
3,14400000,15400000,0.429325,173368422
3,14600000,15600000,0.426827,173568422
3,14800000,15800000,0.424934,173768422
3,15000000,16000000,0.423699,173968422
3,15200000,16200000,0.421213,174168422
3,15400000,16400000,0.420048,174368422
3,15600000,16600000,0.421751,174568422
3,15800000,16800000,0.420765,174768422
3,16000000,17000000,0.423824,174968422
3,16200000,17200000,0.423799,175168422
3,16400000,17400000,0.426438,175368422
3,16600000,17600000,0.431117,175568422
3,16800000,17800000,0.435884,175768422
3,17000000,18000000,0.432804,175968422
3,17200000,18200000,0.432138,176168422
3,17400000,18400000,0.433826,176368422
3,17600000,18600000,0.431249,176568422
3,17800000,18800000,0.433715,176768422
3,18000000,19000000,0.447749,176968422
3,18200000,19200000,0.451253,177168422
3,18400000,19400000,0.453831,177368422
3,18600000,19600000,0.454275,177568422
3,18800000,19800000,0.456317,177768422
3,19000000,20000000,0.448416,177968422
3,19200000,20200000,0.448372,178168422
3,19400000,20400000,0.444917,178368422
3,19600000,20600000,0.44341,178568422
3,19800000,20800000,0.438531,178768422
3,20000000,21000000,0.435896,178968422
3,20200000,21200000,0.429221,179168422
3,20400000,21400000,0.430382,179368422
3,20600000,21600000,0.433257,179568422
3,20800000,21800000,0.434242,179768422
3,21000000,22000000,0.441483,179968422
3,21200000,22200000,0.450987,180168422
3,21400000,22400000,0.445241,180368422
3,21600000,22600000,0.43892,180568422
3,21800000,22800000,0.439901,180768422
3,22000000,23000000,0.430416,180968422
3,22200000,23200000,0.425319,181168422
3,22400000,23400000,0.429283,181368422
3,22600000,23600000,0.429867,181568422
3,22800000,23800000,0.426617,181768422
3,23000000,24000000,0.422732,181968422
3,23200000,24200000,0.423258,182168422
3,23400000,24400000,0.419448,182368422
3,23600000,24600000,0.415083,182568422
3,23800000,24800000,0.415338,182768422
3,24000000,25000000,0.425865,182968422
3,24200000,25200000,0.422948,183168422
3,24400000,25400000,0.425029,183368422
3,24600000,25600000,0.432417,183568422
3,24800000,25800000,0.434034,183768422
3,25000000,26000000,0.430116,183968422
3,25200000,26200000,0.434028,184168422
3,25400000,26400000,0.433675,184368422
3,25600000,26600000,0.435039,184568422
3,25800000,26800000,0.432981,184768422
3,26000000,27000000,0.433655,184968422
3,26200000,27200000,0.427698,185168422
3,26400000,27400000,0.426692,185368422
3,26600000,27600000,0.42291,185568422
3,26800000,27800000,0.423514,185768422
3,27000000,28000000,0.42558,185968422
3,27200000,28200000,0.430021,186168422
3,27400000,28400000,0.432865,186368422
3,27600000,28600000,0.433165,186568422
3,27800000,28800000,0.432248,186768422
3,28000000,29000000,0.428062,186968422
3,28200000,29200000,0.424726,187168422
3,28400000,29400000,0.427339,187368422
3,28600000,29600000,0.427173,187568422
3,28800000,29800000,0.42969,187768422
3,29000000,30000000,0.432705,187968422
3,29200000,30200000,0.43973,188168422
3,29400000,30400000,0.439567,188368422
3,29600000,30600000,0.439256,188568422
3,29800000,30800000,0.441044,188768422
3,30000000,31000000,0.443787,188968422
3,30200000,31200000,0.437201,189168422
3,30400000,31400000,0.435905,189368422
3,30600000,31600000,0.440211,189568422
3,30800000,31800000,0.43954,189768422
3,31000000,32000000,0.436151,189968422
3,31200000,32200000,0.439893,190168422
3,31400000,32400000,0.439729,190368422
3,31600000,32600000,0.438894,190568422
3,31800000,32800000,0.439423,190768422
3,32000000,33000000,0.440022,190968422
3,32200000,33200000,0.43747,191168422
3,32400000,33400000,0.435982,191368422
3,32600000,33600000,0.434066,191568422
3,32800000,33800000,0.432507,191768422
3,33000000,34000000,0.434246,191968422
3,33200000,34200000,0.43553,192168422
3,33400000,34400000,0.437378,192368422
3,33600000,34600000,0.438778,192568422
3,33800000,34800000,0.435542,192768422
3,34000000,35000000,0.434285,192968422
3,34200000,35200000,0.432873,193168422
3,34400000,35400000,0.432995,193368422
3,34600000,35600000,0.431885,193568422
3,34800000,35800000,0.433289,193768422
3,35000000,36000000,0.434461,193968422
3,35200000,36200000,0.437394,194168422
3,35400000,36400000,0.436027,194368422
3,35600000,36413819,0.4381871153167965,194568422
3,35800000,36413819,0.4413695242408593,194768422
3,36000000,36413819,0.4394771627208997,194968422
3,36200000,36413819,0.4390489152039809,195168422
3,36400000,36413819,0.5045951226572111,195368422
4,0,1000000,0.434139,195382241
4,200000,1200000,0.439658,195582241
4,400000,1400000,0.441752,195782241
4,600000,1600000,0.445035,195982241
4,800000,1800000,0.446499,196182241
4,1000000,2000000,0.444784,196382241
4,1200000,2200000,0.442878,196582241
4,1400000,2400000,0.449561,196782241
4,1600000,2600000,0.443606,196982241
4,1800000,2800000,0.448371,197182241
4,2000000,3000000,0.449556,197382241
4,2200000,3200000,0.447851,197582241
4,2400000,3400000,0.450069,197782241
4,2600000,3600000,0.451797,197982241
4,2800000,3800000,0.452913,198182241
4,3000000,4000000,0.45677,198382241
4,3200000,4200000,0.460818,198582241
4,3400000,4400000,0.45372,198782241
4,3600000,4600000,0.449017,198982241
4,3800000,4800000,0.442651,199182241
4,4000000,5000000,0.43794,199382241
4,4200000,5200000,0.426547,199582241
4,4400000,5400000,0.428009,199782241
4,4600000,5600000,0.434733,199982241
4,4800000,5800000,0.432641,200182241
4,5000000,6000000,0.429903,200382241
4,5200000,6200000,0.442447,200582241
4,5400000,6400000,0.440485,200782241
4,5600000,6600000,0.43813,200982241
4,5800000,6800000,0.446254,201182241
4,6000000,7000000,0.447756,201382241
4,6200000,7200000,0.444868,201582241
4,6400000,7400000,0.446,201782241
4,6600000,7600000,0.44902,201982241
4,6800000,7800000,0.453711,202182241
4,7000000,8000000,0.453788,202382241
4,7200000,8200000,0.451483,202582241
4,7400000,8400000,0.451117,202782241
4,7600000,8600000,0.448903,202982241
4,7800000,8800000,0.443588,203182241
4,8000000,9000000,0.44883,203382241
4,8200000,9200000,0.444363,203582241
4,8400000,9400000,0.445894,203782241
4,8600000,9600000,0.449846,203982241
4,8800000,9800000,0.44715,204182241
4,9000000,10000000,0.440563,204382241
4,9200000,10200000,0.450782,204582241
4,9400000,10400000,0.44984,204782241
4,9600000,10600000,0.449997,204982241
4,9800000,10800000,0.448157,205182241
4,10000000,11000000,0.456202,205382241
4,10200000,11200000,0.456537,205582241
4,10400000,11400000,0.456153,205782241
4,10600000,11600000,0.44717,205982241
4,10800000,11800000,0.448298,206182241
4,11000000,12000000,0.449077,206382241
4,11200000,12200000,0.44266,206582241
4,11400000,12400000,0.442953,206782241
4,11600000,12600000,0.44798,206982241
4,11800000,12800000,0.446254,207182241
4,12000000,13000000,0.439167,207382241
4,12200000,13200000,0.438682,207582241
4,12400000,13400000,0.436023,207782241
4,12600000,13600000,0.432321,207982241
4,12800000,13800000,0.435467,208182241
4,13000000,14000000,0.434491,208382241
4,13200000,14200000,0.435406,208582241
4,13400000,14400000,0.434449,208782241
4,13600000,14600000,0.439416,208982241
4,13800000,14800000,0.433845,209182241
4,14000000,15000000,0.433749,209382241
4,14200000,15200000,0.428602,209582241
4,14400000,15400000,0.430873,209782241
4,14600000,15600000,0.42913,209982241
4,14800000,15800000,0.430146,210182241
4,15000000,16000000,0.428137,210382241
4,15200000,16200000,0.430092,210582241
4,15400000,16400000,0.434163,210782241
4,15600000,16600000,0.430705,210982241
4,15800000,16800000,0.425402,211182241
4,16000000,17000000,0.424279,211382241
4,16200000,17200000,0.427149,211582241
4,16400000,17400000,0.424863,211782241
4,16600000,17600000,0.428616,211982241
4,16800000,17800000,0.433652,212182241
4,17000000,18000000,0.435575,212382241
4,17200000,18200000,0.429322,212582241
4,17400000,18400000,0.423571,212782241
4,17600000,18600000,0.415892,212982241
4,17800000,18800000,0.411753,213182241
4,18000000,19000000,0.416144,213382241
4,18200000,19200000,0.42016,213582241
4,18400000,19400000,0.423949,213782241
4,18600000,19600000,0.421564,213982241
4,18800000,19800000,0.424151,214182241
4,19000000,20000000,0.419731,214382241
4,19200000,20200000,0.420744,214582241
4,19400000,20400000,0.423714,214782241
4,19600000,20600000,0.431472,214982241
4,19800000,20800000,0.433178,215182241
4,20000000,21000000,0.435184,215382241
4,20200000,21200000,0.432759,215582241
4,20400000,21400000,0.432574,215782241
4,20600000,21600000,0.435875,215982241
4,20800000,21800000,0.434268,216182241
4,21000000,22000000,0.436008,216382241
4,21200000,22200000,0.436111,216582241
4,21400000,22400000,0.435972,216782241
4,21600000,22600000,0.436635,216982241
4,21800000,22800000,0.450186,217182241
4,22000000,23000000,0.452177,217382241
4,22200000,23200000,0.455006,217582241
4,22400000,23400000,0.451212,217782241
4,22600000,23600000,0.45192,217982241
4,22800000,23800000,0.445982,218182241
4,23000000,24000000,0.448211,218382241
4,23200000,24200000,0.45076,218582241
4,23400000,24400000,0.453977,218782241
4,23600000,24600000,0.449679,218982241
4,23800000,24800000,0.447702,219182241
4,24000000,25000000,0.445579,219382241
4,24200000,25200000,0.44154,219582241
4,24400000,25400000,0.442999,219782241
4,24600000,25600000,0.444786,219982241
4,24800000,25800000,0.443655,220182241
4,25000000,26000000,0.442807,220382241
4,25200000,26200000,0.446359,220582241
4,25400000,26400000,0.449182,220782241
4,25600000,26600000,0.446354,220982241
4,25800000,26800000,0.449984,221182241
4,26000000,27000000,0.458361,221382241
4,26200000,27200000,0.45654,221582241
4,26400000,27400000,0.4543,221782241
4,26600000,27600000,0.458977,221982241
4,26800000,27800000,0.455644,222182241
4,27000000,28000000,0.449465,222382241
4,27200000,28200000,0.45242,222582241
4,27400000,28400000,0.451741,222782241
4,27600000,28600000,0.447753,222982241
4,27800000,28800000,0.451926,223182241
4,28000000,29000000,0.453212,223382241
4,28200000,29200000,0.450216,223582241
4,28400000,29400000,0.448883,223782241
4,28600000,29600000,0.451786,223982241
4,28800000,29800000,0.452428,224182241
4,29000000,30000000,0.454055,224382241
4,29200000,30200000,0.454647,224582241
4,29400000,30400000,0.459835,224782241
4,29600000,30600000,0.457638,224982241
4,29800000,30800000,0.451545,225182241
4,30000000,31000000,0.443832,225382241
4,30200000,31200000,0.438088,225582241
4,30400000,31400000,0.429398,225782241
4,30600000,31600000,0.427537,225982241
4,30800000,31800000,0.428815,226182241
4,31000000,32000000,0.431616,226382241
4,31200000,32200000,0.440391,226582241
4,31400000,32400000,0.448533,226782241
4,31600000,32600000,0.459535,226982241
4,31800000,32800000,0.459057,227182241
4,32000000,33000000,0.458278,227382241
4,32200000,33200000,0.45829,227582241
4,32400000,33400000,0.458393,227782241
4,32600000,33600000,0.449565,227982241
4,32800000,33800000,0.445487,228182241
4,33000000,34000000,0.44607,228382241
4,33200000,34200000,0.444767,228582241
4,33400000,34400000,0.437969,228782241
4,33600000,34600000,0.437657,228982241
4,33800000,34800000,0.441021,229182241
4,34000000,35000000,0.439231,229382241
4,34200000,35200000,0.437296,229582241
4,34400000,35400000,0.445448,229782241
4,34600000,35502694,0.4452317175033843,229982241
4,34800000,35502694,0.44719749990749885,230182241
4,35000000,35502694,0.45134017911492874,230382241
4,35200000,35502694,0.45467700053519394,230582241
4,35400000,35502694,0.42637349796482754,230782241
5,0,1000000,0.429951,230884935
5,200000,1200000,0.43036,231084935
5,400000,1400000,0.424906,231284935
5,600000,1600000,0.431026,231484935
5,800000,1800000,0.431992,231684935
5,1000000,2000000,0.436738,231884935
5,1200000,2200000,0.433238,232084935
5,1400000,2400000,0.436247,232284935
5,1600000,2600000,0.430033,232484935
5,1800000,2800000,0.426649,232684935
5,2000000,3000000,0.423946,232884935
5,2200000,3200000,0.422561,233084935
5,2400000,3400000,0.417116,233284935
5,2600000,3600000,0.418963,233484935
5,2800000,3800000,0.419718,233684935
5,3000000,4000000,0.426564,233884935
5,3200000,4200000,0.434199,234084935
5,3400000,4400000,0.441239,234284935
5,3600000,4600000,0.445763,234484935
5,3800000,4800000,0.442913,234684935
5,4000000,5000000,0.432927,234884935
5,4200000,5200000,0.434185,235084935
5,4400000,5400000,0.428238,235284935
5,4600000,5600000,0.428463,235484935
5,4800000,5800000,0.433701,235684935
5,5000000,6000000,0.432822,235884935
5,5200000,6200000,0.428978,236084935
5,5400000,6400000,0.430293,236284935
5,5600000,6600000,0.42075,236484935
5,5800000,6800000,0.414775,236684935
5,6000000,7000000,0.41469,236884935
5,6200000,7200000,0.411085,237084935
5,6400000,7400000,0.411202,237284935
5,6600000,7600000,0.420083,237484935
5,6800000,7800000,0.425681,237684935
5,7000000,8000000,0.425016,237884935
5,7200000,8200000,0.426313,238084935
5,7400000,8400000,0.428319,238284935
5,7600000,8600000,0.426194,238484935
5,7800000,8800000,0.427675,238684935
5,8000000,9000000,0.433428,238884935
5,8200000,9200000,0.435893,239084935
5,8400000,9400000,0.440658,239284935
5,8600000,9600000,0.442692,239484935
5,8800000,9800000,0.446389,239684935
5,9000000,10000000,0.457765,239884935
5,9200000,10200000,0.465084,240084935
5,9400000,10400000,0.467189,240284935
5,9600000,10600000,0.470357,240484935
5,9800000,10800000,0.468094,240684935
5,10000000,11000000,0.45607,240884935
5,10200000,11200000,0.455769,241084935
5,10400000,11400000,0.455764,241284935
5,10600000,11600000,0.459336,241484935
5,10800000,11800000,0.457192,241684935
5,11000000,12000000,0.467365,241884935
5,11200000,12200000,0.463705,242084935
5,11400000,12400000,0.461385,242284935
5,11600000,12600000,0.456421,242484935
5,11800000,12800000,0.456285,242684935
5,12000000,13000000,0.449157,242884935
5,12200000,13200000,0.446531,243084935
5,12400000,13400000,0.450977,243284935
5,12600000,13600000,0.44351,243484935
5,12800000,13800000,0.437926,243684935
5,13000000,14000000,0.433036,243884935
5,13200000,14200000,0.434348,244084935
5,13400000,14400000,0.42762,244284935
5,13600000,14600000,0.430965,244484935
5,13800000,14800000,0.434947,244684935
5,14000000,15000000,0.439505,244884935
5,14200000,15200000,0.437587,245084935
5,14400000,15400000,0.441719,245284935
5,14600000,15600000,0.449333,245484935
5,14800000,15800000,0.447566,245684935
5,15000000,16000000,0.447957,245884935
5,15200000,16200000,0.446446,246084935
5,15400000,16400000,0.437312,246284935
5,15600000,16600000,0.429942,246484935
5,15800000,16800000,0.429141,246684935
5,16000000,17000000,0.426394,246884935
5,16200000,17200000,0.4227,247084935
5,16400000,17400000,0.426927,247284935
5,16600000,17600000,0.42631,247484935
5,16800000,17800000,0.43056,247684935
5,17000000,18000000,0.424697,247884935
5,17200000,18200000,0.430619,248084935
5,17400000,18400000,0.428661,248284935
5,17600000,18600000,0.430649,248484935
5,17800000,18800000,0.428878,248684935
5,18000000,19000000,0.432308,248884935
5,18200000,19200000,0.428239,249084935
5,18400000,19400000,0.430542,249284935
5,18600000,19600000,0.430155,249484935
5,18800000,19800000,0.432358,249684935
5,19000000,20000000,0.434864,249884935
5,19200000,20200000,0.444217,250084935
5,19400000,20400000,0.444657,250284935
5,19600000,20600000,0.440462,250484935
5,19800000,20800000,0.438959,250684935
5,20000000,21000000,0.438539,250884935
5,20200000,21200000,0.4379,251084935
5,20400000,21400000,0.44101,251284935
5,20600000,21600000,0.450176,251484935
5,20800000,21800000,0.449943,251684935
5,21000000,22000000,0.456323,251884935
5,21200000,22200000,0.454178,252084935
5,21400000,22400000,0.45533,252284935
5,21600000,22600000,0.450691,252484935
5,21800000,22800000,0.450045,252684935
5,22000000,23000000,0.446598,252884935
5,22200000,23200000,0.445839,253084935
5,22400000,23400000,0.444474,253284935
5,22600000,23600000,0.446434,253484935
5,22800000,23800000,0.447902,253684935
5,23000000,24000000,0.449341,253884935
5,23200000,24200000,0.443178,254084935
5,23400000,24400000,0.4433,254284935
5,23600000,24600000,0.444021,254484935
5,23800000,24800000,0.447665,254684935
5,24000000,25000000,0.445195,254884935
5,24200000,25200000,0.446939,255084935
5,24400000,25400000,0.446763,255284935
5,24600000,25600000,0.446011,255484935
5,24800000,25800000,0.4401,255684935
5,25000000,26000000,0.441728,255884935
5,25200000,26200000,0.449786,256084935
5,25400000,26400000,0.448939,256284935
5,25600000,26600000,0.449915,256484935
5,25800000,26800000,0.453314,256684935
5,26000000,27000000,0.449171,256884935
5,26200000,27200000,0.445395,257084935
5,26400000,27400000,0.445296,257284935
5,26600000,27600000,0.443645,257484935
5,26800000,27800000,0.441921,257684935
5,27000000,28000000,0.441326,257884935
5,27200000,28200000,0.438744,258084935
5,27400000,28400000,0.437144,258284935
5,27600000,28600000,0.441,258484935
5,27800000,28800000,0.442586,258684935
5,28000000,29000000,0.44562,258884935
5,28200000,29200000,0.445547,259084935
5,28400000,29400000,0.447208,259284935
5,28600000,29600000,0.440394,259484935
5,28800000,29800000,0.439481,259684935
5,29000000,29958434,0.4433941199915696,259884935
5,29200000,29958434,0.44499587307531047,260084935
5,29400000,29958434,0.4442709433881175,260284935
5,29600000,29958434,0.4520609094003359,260484935
5,29800000,29958434,0.47010742643624476,260684935
6,0,1000000,0.44439,260843369
6,200000,1200000,0.441051,261043369
6,400000,1400000,0.441458,261243369
6,600000,1600000,0.438356,261443369
6,800000,1800000,0.439239,261643369
6,1000000,2000000,0.434302,261843369
6,1200000,2200000,0.430271,262043369
6,1400000,2400000,0.424152,262243369
6,1600000,2600000,0.426742,262443369
6,1800000,2800000,0.431955,262643369
6,2000000,3000000,0.433944,262843369
6,2200000,3200000,0.434039,263043369
6,2400000,3400000,0.43805,263243369
6,2600000,3600000,0.439899,263443369
6,2800000,3800000,0.437001,263643369
6,3000000,4000000,0.43979,263843369
6,3200000,4200000,0.43737,264043369
6,3400000,4400000,0.432937,264243369
6,3600000,4600000,0.433441,264443369
6,3800000,4800000,0.431113,264643369
6,4000000,5000000,0.429233,264843369
6,4200000,5200000,0.431207,265043369
6,4400000,5400000,0.430493,265243369
6,4600000,5600000,0.424971,265443369
6,4800000,5800000,0.42683,265643369
6,5000000,6000000,0.429232,265843369
6,5200000,6200000,0.43059,266043369
6,5400000,6400000,0.432589,266243369
6,5600000,6600000,0.434837,266443369
6,5800000,6800000,0.432986,266643369
6,6000000,7000000,0.428156,266843369
6,6200000,7200000,0.427945,267043369
6,6400000,7400000,0.425117,267243369
6,6600000,7600000,0.420553,267443369
6,6800000,7800000,0.420812,267643369
6,7000000,8000000,0.427866,267843369
6,7200000,8200000,0.425584,268043369
6,7400000,8400000,0.429421,268243369
6,7600000,8600000,0.437336,268443369
6,7800000,8800000,0.440297,268643369
6,8000000,9000000,0.43886,268843369
6,8200000,9200000,0.445163,269043369
6,8400000,9400000,0.448221,269243369
6,8600000,9600000,0.44424,269443369
6,8800000,9800000,0.441932,269643369
6,9000000,10000000,0.444692,269843369
6,9200000,10200000,0.441538,270043369
6,9400000,10400000,0.445198,270243369
6,9600000,10600000,0.448161,270443369
6,9800000,10800000,0.450638,270643369
6,10000000,11000000,0.448136,270843369
6,10200000,11200000,0.44478,271043369
6,10400000,11400000,0.434056,271243369
6,10600000,11600000,0.434839,271443369
6,10800000,11800000,0.430278,271643369
6,11000000,12000000,0.429576,271843369
6,11200000,12200000,0.429346,272043369
6,11400000,12400000,0.434205,272243369
6,11600000,12600000,0.432221,272443369
6,11800000,12800000,0.431818,272643369
6,12000000,13000000,0.432273,272843369
6,12200000,13200000,0.431916,273043369
6,12400000,13400000,0.428525,273243369
6,12600000,13600000,0.431441,273443369
6,12800000,13800000,0.43383,273643369
6,13000000,14000000,0.431905,273843369
6,13200000,14200000,0.43432,274043369
6,13400000,14400000,0.437428,274243369
6,13600000,14600000,0.436147,274443369
6,13800000,14800000,0.439283,274643369
6,14000000,15000000,0.441255,274843369
6,14200000,15200000,0.443256,275043369
6,14400000,15400000,0.443555,275243369
6,14600000,15600000,0.440194,275443369
6,14800000,15800000,0.437433,275643369
6,15000000,16000000,0.435438,275843369
6,15200000,16200000,0.436984,276043369
6,15400000,16400000,0.434321,276243369
6,15600000,16600000,0.435985,276443369
6,15800000,16800000,0.439339,276643369
6,16000000,17000000,0.436281,276843369
6,16200000,17200000,0.428993,277043369
6,16400000,17400000,0.429992,277243369
6,16600000,17600000,0.427449,277443369
6,16800000,17800000,0.422939,277643369
6,17000000,18000000,0.423489,277843369
6,17200000,18200000,0.433668,278043369
6,17400000,18400000,0.447316,278243369
6,17600000,18600000,0.456449,278443369
6,17800000,18800000,0.463482,278643369
6,18000000,19000000,0.468741,278843369
6,18200000,19200000,0.46701,279043369
6,18400000,19400000,0.45608,279243369
6,18600000,19600000,0.447734,279443369
6,18800000,19800000,0.439581,279643369
6,19000000,20000000,0.434812,279843369
6,19200000,20200000,0.429715,280043369
6,19400000,20400000,0.428756,280243369
6,19600000,20600000,0.429093,280443369
6,19800000,20800000,0.434453,280643369
6,20000000,21000000,0.437454,280843369
6,20200000,21200000,0.435557,281043369
6,20400000,21400000,0.432405,281243369
6,20600000,21600000,0.431369,281443369
6,20800000,21800000,0.425515,281643369
6,21000000,22000000,0.427894,281843369
6,21200000,22200000,0.429126,282043369
6,21400000,22400000,0.428353,282243369
6,21600000,22600000,0.434516,282443369
6,21800000,22800000,0.436134,282643369
6,22000000,23000000,0.428526,282843369
6,22200000,23200000,0.431392,283043369
6,22400000,23400000,0.439598,283243369
6,22600000,23600000,0.431915,283443369
6,22800000,23800000,0.435105,283643369
6,23000000,24000000,0.43973,283843369
6,23200000,24200000,0.43632,284043369
6,23400000,24400000,0.429109,284243369
6,23600000,24600000,0.429578,284443369
6,23800000,24800000,0.426361,284643369
6,24000000,25000000,0.428037,284843369
6,24200000,25200000,0.428048,285043369
6,24400000,25400000,0.433502,285243369
6,24600000,25600000,0.434478,285443369
6,24800000,25800000,0.438643,285643369
6,25000000,26000000,0.440458,285843369
6,25200000,26200000,0.447253,286043369
6,25400000,26400000,0.44038,286243369
6,25600000,26600000,0.441204,286443369
6,25800000,26800000,0.437719,286643369
6,26000000,27000000,0.435535,286843369
6,26200000,27200000,0.433337,287043369
6,26400000,27400000,0.436037,287243369
6,26600000,27600000,0.433971,287443369
6,26800000,27800000,0.433665,287643369
6,27000000,28000000,0.429273,287843369
6,27200000,28200000,0.42289,288043369
6,27400000,28400000,0.421186,288243369
6,27600000,28600000,0.426662,288443369
6,27800000,28800000,0.429046,288643369
6,28000000,29000000,0.435318,288843369
6,28200000,29200000,0.445614,289043369
6,28400000,29400000,0.454816,289243369
6,28600000,29600000,0.44581,289443369
6,28800000,29800000,0.441819,289643369
6,29000000,30000000,0.443631,289843369
6,29200000,30200000,0.437445,290043369
6,29400000,30400000,0.429903,290243369
6,29600000,30600000,0.437721,290443369
6,29800000,30800000,0.443441,290643369
6,30000000,31000000,0.436125,290843369
6,30200000,31200000,0.433466,291043369
6,30400000,31248787,0.432763461268846,291243369
6,30600000,31248787,0.4309025920679668,291443369
6,30800000,31248787,0.42265484517154017,291643369
6,31000000,31248787,0.4206610474019945,291843369
6,31200000,31248787,0.41670936929919855,292043369
7,0,1000000,0.430187,292092156
7,200000,1200000,0.430745,292292156
7,400000,1400000,0.42331,292492156
7,600000,1600000,0.431439,292692156
7,800000,1800000,0.432505,292892156
7,1000000,2000000,0.434872,293092156
7,1200000,2200000,0.437516,293292156
7,1400000,2400000,0.435664,293492156
7,1600000,2600000,0.430357,293692156
7,1800000,2800000,0.425864,293892156
7,2000000,3000000,0.424983,294092156
7,2200000,3200000,0.422281,294292156
7,2400000,3400000,0.421099,294492156
7,2600000,3600000,0.420164,294692156
7,2800000,3800000,0.423814,294892156
7,3000000,4000000,0.422822,295092156
7,3200000,4200000,0.417915,295292156
7,3400000,4400000,0.417804,295492156
7,3600000,4600000,0.421241,295692156
7,3800000,4800000,0.421696,295892156
7,4000000,5000000,0.422327,296092156
7,4200000,5200000,0.424702,296292156
7,4400000,5400000,0.431118,296492156
7,4600000,5600000,0.429109,296692156
7,4800000,5800000,0.424118,296892156
7,5000000,6000000,0.423069,297092156
7,5200000,6200000,0.421393,297292156
7,5400000,6400000,0.420373,297492156
7,5600000,6600000,0.420189,297692156
7,5800000,6800000,0.421222,297892156
7,6000000,7000000,0.418732,298092156
7,6200000,7200000,0.42131,298292156
7,6400000,7400000,0.417533,298492156
7,6600000,7600000,0.417296,298692156
7,6800000,7800000,0.422174,298892156
7,7000000,8000000,0.434182,299092156
7,7200000,8200000,0.438242,299292156
7,7400000,8400000,0.440393,299492156
7,7600000,8600000,0.440904,299692156
7,7800000,8800000,0.439201,299892156
7,8000000,9000000,0.43006,300092156
7,8200000,9200000,0.428034,300292156
7,8400000,9400000,0.426463,300492156
7,8600000,9600000,0.427233,300692156
7,8800000,9800000,0.435529,300892156
7,9000000,10000000,0.442681,301092156
7,9200000,10200000,0.442134,301292156
7,9400000,10400000,0.44552,301492156
7,9600000,10600000,0.45342,301692156
7,9800000,10800000,0.448896,301892156
7,10000000,11000000,0.44643,302092156
7,10200000,11200000,0.445265,302292156
7,10400000,11400000,0.444467,302492156
7,10600000,11600000,0.4355,302692156
7,10800000,11800000,0.434656,302892156
7,11000000,12000000,0.43493,303092156
7,11200000,12200000,0.434817,303292156
7,11400000,12400000,0.435412,303492156
7,11600000,12600000,0.436763,303692156
7,11800000,12800000,0.434735,303892156
7,12000000,13000000,0.432113,304092156
7,12200000,13200000,0.437672,304292156
7,12400000,13400000,0.435433,304492156
7,12600000,13600000,0.434289,304692156
7,12800000,13800000,0.434041,304892156
7,13000000,14000000,0.442431,305092156
7,13200000,14200000,0.443823,305292156
7,13400000,14400000,0.446471,305492156
7,13600000,14600000,0.446913,305692156
7,13800000,14800000,0.445147,305892156
7,14000000,15000000,0.438578,306092156
7,14200000,15200000,0.435695,306292156
7,14400000,15400000,0.428384,306492156
7,14600000,15600000,0.426521,306692156
7,14800000,15800000,0.427156,306892156
7,15000000,16000000,0.42291,307092156
7,15200000,16200000,0.422611,307292156
7,15400000,16400000,0.426497,307492156
7,15600000,16600000,0.427883,307692156
7,15800000,16800000,0.432568,307892156
7,16000000,17000000,0.432572,308092156
7,16200000,17200000,0.430209,308292156
7,16400000,17400000,0.428954,308492156
7,16600000,17600000,0.428336,308692156
7,16800000,17800000,0.421686,308892156
7,17000000,18000000,0.426818,309092156
7,17200000,18200000,0.428849,309292156
7,17400000,18400000,0.43693,309492156
7,17600000,18600000,0.437188,309692156
7,17800000,18800000,0.442325,309892156
7,18000000,19000000,0.44263,310092156
7,18200000,19200000,0.444629,310292156
7,18400000,19400000,0.438151,310492156
7,18600000,19600000,0.438948,310692156
7,18800000,19800000,0.44188,310892156
7,19000000,20000000,0.440532,311092156
7,19200000,20200000,0.437131,311292156
7,19400000,20400000,0.435501,311492156
7,19600000,20600000,0.434289,311692156
7,19800000,20800000,0.431257,311892156
7,20000000,21000000,0.430351,312092156
7,20200000,21200000,0.436494,312292156
7,20400000,21400000,0.440599,312492156
7,20600000,21600000,0.447114,312692156
7,20800000,21800000,0.445765,312892156
7,21000000,22000000,0.450716,313092156
7,21200000,22200000,0.444264,313292156
7,21400000,22400000,0.446589,313492156
7,21600000,22600000,0.444338,313692156
7,21800000,22800000,0.446846,313892156
7,22000000,23000000,0.440123,314092156
7,22200000,23200000,0.445464,314292156
7,22400000,23400000,0.443001,314492156
7,22600000,23600000,0.446887,314692156
7,22800000,23800000,0.444975,314892156
7,23000000,24000000,0.447212,315092156
7,23200000,24200000,0.447926,315292156
7,23400000,24400000,0.451746,315492156
7,23600000,24600000,0.447013,315692156
7,23800000,24800000,0.445816,315892156
7,24000000,25000000,0.449642,316092156
7,24200000,25200000,0.449387,316292156
7,24400000,25400000,0.444522,316492156
7,24600000,25600000,0.44544,316692156
7,24800000,25800000,0.445393,316892156
7,25000000,26000000,0.443815,317092156
7,25200000,26200000,0.440511,317292156
7,25400000,26400000,0.437856,317492156
7,25600000,26600000,0.435612,317692156
7,25800000,26800000,0.436305,317892156
7,26000000,27000000,0.431964,318092156
7,26200000,27200000,0.429466,318292156
7,26400000,27400000,0.437808,318492156
7,26600000,27600000,0.439478,318692156
7,26800000,27800000,0.440084,318892156
7,27000000,28000000,0.437368,319092156
7,27200000,28200000,0.439063,319292156
7,27400000,28400000,0.430943,319492156
7,27600000,28600000,0.430678,319692156
7,27800000,28800000,0.432694,319892156
7,28000000,29000000,0.436565,320092156
7,28200000,29200000,0.435269,320292156
7,28400000,29400000,0.436747,320492156
7,28600000,29600000,0.436164,320692156
7,28800000,29697621,0.4351123692516106,320892156
7,29000000,29697621,0.43568642572399624,321092156
7,29200000,29697621,0.4361572361295042,321292156
7,29400000,29697621,0.44080558831534067,321492156
7,29600000,29697621,0.4435725919627949,321692156
8,0,1000000,0.414292,321789777
8,200000,1200000,0.421518,321989777
8,400000,1400000,0.423711,322189777
8,600000,1600000,0.432609,322389777
8,800000,1800000,0.432576,322589777
8,1000000,2000000,0.442235,322789777
8,1200000,2200000,0.437766,322989777
8,1400000,2400000,0.4409,323189777
8,1600000,2600000,0.437177,323389777
8,1800000,2800000,0.441417,323589777
8,2000000,3000000,0.434489,323789777
8,2200000,3200000,0.430318,323989777
8,2400000,3400000,0.421558,324189777
8,2600000,3600000,0.418667,324389777
8,2800000,3800000,0.418179,324589777
8,3000000,4000000,0.423616,324789777
8,3200000,4200000,0.431857,324989777
8,3400000,4400000,0.430038,325189777
8,3600000,4600000,0.429369,325389777
8,3800000,4800000,0.423637,325589777
8,4000000,5000000,0.424632,325789777
8,4200000,5200000,0.421056,325989777
8,4400000,5400000,0.424366,326189777
8,4600000,5600000,0.430001,326389777
8,4800000,5800000,0.432417,326589777
8,5000000,6000000,0.426831,326789777
8,5200000,6200000,0.423189,326989777
8,5400000,6400000,0.425438,327189777
8,5600000,6600000,0.431041,327389777
8,5800000,6800000,0.435691,327589777
8,6000000,7000000,0.443094,327789777
8,6200000,7200000,0.454222,327989777
8,6400000,7400000,0.459152,328189777
8,6600000,7600000,0.45388,328389777
8,6800000,7800000,0.447174,328589777
8,7000000,8000000,0.441521,328789777
8,7200000,8200000,0.436965,328989777
8,7400000,8400000,0.43123,329189777
8,7600000,8600000,0.427333,329389777
8,7800000,8800000,0.432908,329589777
8,8000000,9000000,0.428676,329789777
8,8200000,9200000,0.423565,329989777
8,8400000,9400000,0.422871,330189777
8,8600000,9600000,0.423913,330389777
8,8800000,9800000,0.419462,330589777
8,9000000,10000000,0.42292,330789777
8,9200000,10200000,0.423555,330989777
8,9400000,10400000,0.424239,331189777
8,9600000,10600000,0.426998,331389777
8,9800000,10800000,0.428546,331589777
8,10000000,11000000,0.427798,331789777
8,10200000,11200000,0.4293,331989777
8,10400000,11400000,0.430402,332189777
8,10600000,11600000,0.431001,332389777
8,10800000,11800000,0.432294,332589777
8,11000000,12000000,0.43313,332789777
8,11200000,12200000,0.438593,332989777
8,11400000,12400000,0.439637,333189777
8,11600000,12600000,0.447308,333389777
8,11800000,12800000,0.451356,333589777
8,12000000,13000000,0.451023,333789777
8,12200000,13200000,0.450236,333989777
8,12400000,13400000,0.453544,334189777
8,12600000,13600000,0.447864,334389777
8,12800000,13800000,0.448177,334589777
8,13000000,14000000,0.451441,334789777
8,13200000,14200000,0.451348,334989777
8,13400000,14400000,0.453361,335189777
8,13600000,14600000,0.45604,335389777
8,13800000,14800000,0.452156,335589777
8,14000000,15000000,0.45911,335789777
8,14200000,15200000,0.457462,335989777
8,14400000,15400000,0.451663,336189777
8,14600000,15600000,0.445019,336389777
8,14800000,15800000,0.44246,336589777
8,15000000,16000000,0.433819,336789777
8,15200000,16200000,0.431845,336989777
8,15400000,16400000,0.428775,337189777
8,15600000,16600000,0.426738,337389777
8,15800000,16800000,0.432407,337589777
8,16000000,17000000,0.429715,337789777
8,16200000,17200000,0.429843,337989777
8,16400000,17400000,0.432249,338189777
8,16600000,17600000,0.427974,338389777
8,16800000,17800000,0.420397,338589777
8,17000000,18000000,0.42426,338789777
8,17200000,18200000,0.425038,338989777
8,17400000,18400000,0.422343,339189777
8,17600000,18600000,0.430086,339389777
8,17800000,18800000,0.429184,339589777
8,18000000,19000000,0.422963,339789777
8,18200000,19200000,0.421394,339989777
8,18400000,19400000,0.424097,340189777
8,18600000,19600000,0.422223,340389777
8,18800000,19800000,0.427727,340589777
8,19000000,20000000,0.432361,340789777
8,19200000,20200000,0.432323,340989777
8,19400000,20400000,0.434854,341189777
8,19600000,20600000,0.43508,341389777
8,19800000,20800000,0.425042,341589777
8,20000000,21000000,0.424899,341789777
8,20200000,21200000,0.424586,341989777
8,20400000,21400000,0.420147,342189777
8,20600000,21600000,0.417809,342389777
8,20800000,21800000,0.426809,342589777
8,21000000,22000000,0.428263,342789777
8,21200000,22200000,0.429524,342989777
8,21400000,22400000,0.43782,343189777
8,21600000,22600000,0.441507,343389777
8,21800000,22800000,0.442729,343589777
8,22000000,23000000,0.444083,343789777
8,22200000,23200000,0.449213,343989777
8,22400000,23400000,0.447657,344189777
8,22600000,23600000,0.449524,344389777
8,22800000,23800000,0.449957,344589777
8,23000000,24000000,0.447685,344789777
8,23200000,24200000,0.442887,344989777
8,23400000,24400000,0.442196,345189777
8,23600000,24600000,0.439869,345389777
8,23800000,24800000,0.435415,345589777
8,24000000,25000000,0.432644,345789777
8,24200000,25200000,0.435015,345989777
8,24400000,25400000,0.432006,346189777
8,24600000,25600000,0.43048,346389777
8,24800000,25800000,0.432552,346589777
8,25000000,26000000,0.438856,346789777
8,25200000,26200000,0.43573,346989777
8,25400000,26400000,0.433498,347189777
8,25600000,26600000,0.430262,347389777
8,25800000,26800000,0.430542,347589777
8,26000000,27000000,0.425372,347789777
8,26200000,27200000,0.425213,347989777
8,26400000,27400000,0.425836,348189777
8,26600000,27600000,0.427318,348389777
8,26800000,27800000,0.426994,348589777
8,27000000,28000000,0.427631,348789777
8,27200000,28200000,0.432945,348989777
8,27400000,28400000,0.436448,349189777
8,27600000,28443022,0.4420513343661257,349389777
8,27800000,28443022,0.4454202189038633,349589777
8,28000000,28443022,0.452397397871889,349789777
8,28200000,28443022,0.45000041148537995,349989777
8,28400000,28443022,0.4844963042164474,350189777
9,0,1000000,0.454827,350232799
9,200000,1200000,0.437809,350432799
9,400000,1400000,0.429256,350632799
9,600000,1600000,0.428721,350832799
9,800000,1800000,0.425943,351032799
9,1000000,2000000,0.432672,351232799
9,1200000,2200000,0.438846,351432799
9,1400000,2400000,0.442064,351632799
9,1600000,2600000,0.445102,351832799
9,1800000,2800000,0.446634,352032799
9,2000000,3000000,0.441985,352232799
9,2200000,3200000,0.440841,352432799
9,2400000,3400000,0.437852,352632799
9,2600000,3600000,0.433293,352832799
9,2800000,3800000,0.428571,353032799
9,3000000,4000000,0.430515,353232799
9,3200000,4200000,0.430964,353432799
9,3400000,4400000,0.431281,353632799
9,3600000,4600000,0.429954,353832799
9,3800000,4800000,0.43583,354032799
9,4000000,5000000,0.440278,354232799
9,4200000,5200000,0.437568,354432799
9,4400000,5400000,0.439985,354632799
9,4600000,5600000,0.440931,354832799
9,4800000,5800000,0.437791,355032799
9,5000000,6000000,0.427944,355232799
9,5200000,6200000,0.428147,355432799
9,5400000,6400000,0.424719,355632799
9,5600000,6600000,0.428778,355832799
9,5800000,6800000,0.424521,356032799
9,6000000,7000000,0.425774,356232799
9,6200000,7200000,0.424023,356432799
9,6400000,7400000,0.423152,356632799
9,6600000,7600000,0.423693,356832799
9,6800000,7800000,0.42643,357032799
9,7000000,8000000,0.424132,357232799
9,7200000,8200000,0.429205,357432799
9,7400000,8400000,0.432378,357632799
9,7600000,8600000,0.43315,357832799
9,7800000,8800000,0.437057,358032799
9,8000000,9000000,0.442047,358232799
9,8200000,9200000,0.434208,358432799
9,8400000,9400000,0.429299,358632799
9,8600000,9600000,0.427375,358832799
9,8800000,9800000,0.425523,359032799
9,9000000,10000000,0.425007,359232799
9,9200000,10200000,0.427088,359432799
9,9400000,10400000,0.431139,359632799
9,9600000,10600000,0.432576,359832799
9,9800000,10800000,0.435896,360032799
9,10000000,11000000,0.434317,360232799
9,10200000,11200000,0.433954,360432799
9,10400000,11400000,0.434929,360632799
9,10600000,11600000,0.427341,360832799
9,10800000,11800000,0.421733,361032799
9,11000000,12000000,0.421367,361232799
9,11200000,12200000,0.423425,361432799
9,11400000,12400000,0.423533,361632799
9,11600000,12600000,0.423732,361832799
9,11800000,12800000,0.423042,362032799
9,12000000,13000000,0.422615,362232799
9,12200000,13200000,0.427824,362432799
9,12400000,13400000,0.431113,362632799
9,12600000,13600000,0.437039,362832799
9,12800000,13800000,0.43681,363032799
9,13000000,14000000,0.437249,363232799
9,13200000,14200000,0.436625,363432799
9,13400000,14400000,0.437926,363632799
9,13600000,14600000,0.427731,363832799
9,13800000,14800000,0.432602,364032799
9,14000000,15000000,0.435349,364232799
9,14200000,15200000,0.435839,364432799
9,14400000,15400000,0.429416,364632799
9,14600000,15600000,0.436831,364832799
9,14800000,15800000,0.434468,365032799
9,15000000,16000000,0.435387,365232799
9,15200000,16200000,0.426604,365432799
9,15400000,16400000,0.428854,365632799
9,15600000,16600000,0.429331,365832799
9,15800000,16800000,0.433583,366032799
9,16000000,17000000,0.435173,366232799
9,16200000,17200000,0.449153,366432799
9,16400000,17400000,0.448985,366632799
9,16600000,17600000,0.450672,366832799
9,16800000,17800000,0.448186,367032799
9,17000000,18000000,0.449258,367232799
9,17200000,18200000,0.443217,367432799
9,17400000,18400000,0.442836,367632799
9,17600000,18600000,0.442361,367832799
9,17800000,18800000,0.446181,368032799
9,18000000,19000000,0.443276,368232799
9,18200000,19200000,0.44525,368432799
9,18400000,19400000,0.444937,368632799
9,18600000,19600000,0.441613,368832799
9,18800000,19800000,0.434718,369032799
9,19000000,20000000,0.431248,369232799
9,19200000,20200000,0.424218,369432799
9,19400000,20400000,0.422402,369632799
9,19600000,20600000,0.422893,369832799
9,19800000,20800000,0.426175,370032799
9,20000000,21000000,0.427727,370232799
9,20200000,21200000,0.433973,370432799
9,20400000,21400000,0.438295,370632799
9,20600000,21600000,0.441211,370832799
9,20800000,21800000,0.441594,371032799
9,21000000,22000000,0.443602,371232799
9,21200000,22200000,0.440893,371432799
9,21400000,22400000,0.442307,371632799
9,21600000,22600000,0.438244,371832799
9,21800000,22800000,0.435281,372032799
9,22000000,23000000,0.44516,372232799
9,22200000,23012720,0.44799069790333695,372432799
9,22400000,23012720,0.44669343256299776,372632799
9,22600000,23012720,0.457913355301415,372832799
9,22800000,23012720,0.4858593456186536,373032799
9,23000000,23012720,0.46540880503144655,373232799
10,0,1000000,0.423096,43270923
10,200000,1200000,0.424303,43470923
10,400000,1400000,0.427841,43670923
10,600000,1600000,0.428559,43870923
10,800000,1800000,0.427993,44070923
10,1000000,2000000,0.429958,44270923
10,1200000,2200000,0.424748,44470923
10,1400000,2400000,0.422623,44670923
10,1600000,2600000,0.422403,44870923
10,1800000,2800000,0.426072,45070923
10,2000000,3000000,0.424922,45270923
10,2200000,3200000,0.430212,45470923
10,2400000,3400000,0.439969,45670923
10,2600000,3600000,0.440415,45870923
10,2800000,3800000,0.436593,46070923
10,3000000,4000000,0.434774,46270923
10,3200000,4200000,0.435052,46470923
10,3400000,4400000,0.427542,46670923
10,3600000,4600000,0.428625,46870923
10,3800000,4800000,0.432598,47070923
10,4000000,5000000,0.438569,47270923
10,4200000,5200000,0.442059,47470923
10,4400000,5400000,0.440727,47670923
10,4600000,5600000,0.438711,47870923
10,4800000,5800000,0.437036,48070923
10,5000000,6000000,0.434551,48270923
10,5200000,6200000,0.430911,48470923
10,5400000,6400000,0.43267,48670923
10,5600000,6600000,0.436255,48870923
10,5800000,6800000,0.441446,49070923
10,6000000,7000000,0.442043,49270923
10,6200000,7200000,0.454549,49470923
10,6400000,7400000,0.454969,49670923
10,6600000,7600000,0.450833,49870923
10,6800000,7800000,0.448209,50070923
10,7000000,8000000,0.450563,50270923
10,7200000,8200000,0.439965,50470923
10,7400000,8400000,0.450645,50670923
10,7600000,8600000,0.459006,50870923
10,7800000,8800000,0.46457,51070923
10,8000000,9000000,0.46103,51270923
10,8200000,9200000,0.457758,51470923
10,8400000,9400000,0.449335,51670923
10,8600000,9600000,0.444831,51870923
10,8800000,9800000,0.43837,52070923
10,9000000,10000000,0.434205,52270923
10,9200000,10200000,0.439155,52470923
10,9400000,10400000,0.433736,52670923
10,9600000,10600000,0.431709,52870923
10,9800000,10800000,0.429019,53070923
10,10000000,11000000,0.425132,53270923
10,10200000,11200000,0.420067,53470923
10,10400000,11400000,0.41805,53670923
10,10600000,11600000,0.420108,53870923
10,10800000,11800000,0.423387,54070923
10,11000000,12000000,0.429712,54270923
10,11200000,12200000,0.427945,54470923
10,11400000,12400000,0.434108,54670923
10,11600000,12600000,0.438725,54870923
10,11800000,12800000,0.44284,55070923
10,12000000,13000000,0.440172,55270923
10,12200000,13200000,0.443574,55470923
10,12400000,13400000,0.442259,55670923
10,12600000,13600000,0.439619,55870923
10,12800000,13800000,0.429613,56070923
10,13000000,14000000,0.428258,56270923
10,13200000,14200000,0.422198,56470923
10,13400000,14400000,0.417699,56670923
10,13600000,14600000,0.41291,56870923
10,13800000,14800000,0.414536,57070923
10,14000000,15000000,0.422454,57270923
10,14200000,15200000,0.432803,57470923
10,14400000,15400000,0.440288,57670923
10,14600000,15600000,0.445819,57870923
10,14800000,15800000,0.450976,58070923
10,15000000,16000000,0.450471,58270923
10,15200000,16200000,0.445432,58470923
10,15400000,16400000,0.437686,58670923
10,15600000,16600000,0.435354,58870923
10,15800000,16800000,0.430016,59070923
10,16000000,17000000,0.42957,59270923
10,16200000,17200000,0.432773,59470923
10,16400000,17400000,0.438091,59670923
10,16600000,17600000,0.432174,59870923
10,16800000,17800000,0.434009,60070923
10,17000000,18000000,0.424496,60270923
10,17200000,18200000,0.420017,60470923
10,17400000,18400000,0.418719,60670923
10,17600000,18600000,0.422577,60870923
10,17800000,18800000,0.420546,61070923
10,18000000,19000000,0.429022,61270923
10,18200000,19200000,0.430467,61470923
10,18400000,19400000,0.429474,61670923
10,18600000,19600000,0.431669,61870923
10,18800000,19800000,0.432773,62070923
10,19000000,20000000,0.436169,62270923
10,19200000,20200000,0.438945,62470923
10,19400000,20400000,0.440906,62670923
10,19600000,20600000,0.448015,62870923
10,19800000,20800000,0.454865,63070923
10,20000000,21000000,0.45372,63270923
10,20200000,21200000,0.452663,63470923
10,20400000,21400000,0.451321,63670923
10,20600000,21600000,0.44102,63870923
10,20800000,21800000,0.437997,64070923
10,21000000,22000000,0.436051,64270923
10,21200000,22200000,0.434301,64470923
10,21400000,22400000,0.432705,64670923
10,21600000,22600000,0.435496,64870923
10,21800000,22800000,0.432986,65070923
10,22000000,23000000,0.435857,65270923
10,22200000,23200000,0.438842,65470923
10,22400000,23207287,0.44121978924471716,65670923
10,22600000,23207287,0.4413580399382829,65870923
10,22800000,23207287,0.44731110985619477,66070923
10,23000000,23207287,0.44294142903317624,66270923
10,23200000,23207287,0.3386853300397969,66470923
11,0,1000000,0.436538,66478210
11,200000,1200000,0.439048,66678210
11,400000,1400000,0.434724,66878210
11,600000,1600000,0.427433,67078210
11,800000,1800000,0.425914,67278210
11,1000000,2000000,0.424732,67478210
11,1200000,2200000,0.424524,67678210
11,1400000,2400000,0.429029,67878210
11,1600000,2600000,0.427914,68078210
11,1800000,2800000,0.427532,68278210
11,2000000,3000000,0.423085,68478210
11,2200000,3200000,0.422496,68678210
11,2400000,3400000,0.421854,68878210
11,2600000,3600000,0.422699,69078210
11,2800000,3800000,0.426731,69278210
11,3000000,4000000,0.428205,69478210
11,3200000,4200000,0.424168,69678210
11,3400000,4400000,0.422106,69878210
11,3600000,4600000,0.423439,70078210
11,3800000,4800000,0.420439,70278210
11,4000000,5000000,0.424297,70478210
11,4200000,5200000,0.429089,70678210
11,4400000,5400000,0.434301,70878210
11,4600000,5600000,0.429768,71078210
11,4800000,5800000,0.431378,71278210
11,5000000,6000000,0.424966,71478210
11,5200000,6200000,0.423507,71678210
11,5400000,6400000,0.42192,71878210
11,5600000,6600000,0.427758,72078210
11,5800000,6800000,0.430026,72278210
11,6000000,7000000,0.43443,72478210
11,6200000,7200000,0.436549,72678210
11,6400000,7400000,0.435056,72878210
11,6600000,7600000,0.435361,73078210
11,6800000,7800000,0.42863,73278210
11,7000000,8000000,0.421518,73478210
11,7200000,8200000,0.418046,73678210
11,7400000,8400000,0.419415,73878210
11,7600000,8600000,0.41851,74078210
11,7800000,8800000,0.420289,74278210
11,8000000,9000000,0.423891,74478210
11,8200000,9200000,0.417003,74678210
11,8400000,9400000,0.418787,74878210
11,8600000,9600000,0.416217,75078210
11,8800000,9800000,0.418198,75278210
11,9000000,10000000,0.419605,75478210
11,9200000,10200000,0.42509,75678210
11,9400000,10400000,0.420501,75878210
11,9600000,10600000,0.420969,76078210
11,9800000,10800000,0.418847,76278210
11,10000000,11000000,0.420436,76478210
11,10200000,11200000,0.420626,76678210
11,10400000,11400000,0.423614,76878210
11,10600000,11600000,0.426991,77078210
11,10800000,11800000,0.435022,77278210
11,11000000,12000000,0.43554,77478210
11,11200000,12200000,0.440271,77678210
11,11400000,12400000,0.439019,77878210
11,11600000,12600000,0.439321,78078210
11,11800000,12800000,0.440399,78278210
11,12000000,13000000,0.441046,78478210
11,12200000,13200000,0.441856,78678210
11,12400000,13400000,0.442675,78878210
11,12600000,13600000,0.442128,79078210
11,12800000,13800000,0.436728,79278210
11,13000000,14000000,0.431193,79478210
11,13200000,14200000,0.426429,79678210
11,13400000,14400000,0.422882,79878210
11,13600000,14600000,0.424597,80078210
11,13800000,14800000,0.427172,80278210
11,14000000,15000000,0.432407,80478210
11,14200000,15200000,0.437261,80678210
11,14400000,15400000,0.439151,80878210
11,14600000,15600000,0.436247,81078210
11,14800000,15800000,0.433506,81278210
11,15000000,16000000,0.432797,81478210
11,15200000,16200000,0.426907,81678210
11,15400000,16400000,0.424772,81878210
11,15600000,16600000,0.42124,82078210
11,15800000,16800000,0.425004,82278210
11,16000000,17000000,0.420567,82478210
11,16200000,17200000,0.423069,82678210
11,16400000,17400000,0.424469,82878210
11,16600000,17600000,0.426334,83078210
11,16800000,17800000,0.422232,83278210
11,17000000,18000000,0.426104,83478210
11,17200000,18200000,0.426093,83678210
11,17400000,18400000,0.428372,83878210
11,17600000,18600000,0.42274,84078210
11,17800000,18800000,0.421856,84278210
11,18000000,19000000,0.417364,84478210
11,18200000,19200000,0.415518,84678210
11,18400000,19400000,0.410934,84878210
11,18600000,19600000,0.415697,85078210
11,18800000,19800000,0.417127,85278210
11,19000000,20000000,0.419387,85478210
11,19200000,20200000,0.423552,85678210
11,19400000,20400000,0.432062,85878210
11,19600000,20600000,0.4319,86078210
11,19800000,20800000,0.432512,86278210
11,20000000,21000000,0.43592,86478210
11,20200000,21200000,0.434788,86678210
11,20400000,21400000,0.430907,86878210
11,20600000,21600000,0.434613,87078210
11,20800000,21800000,0.434747,87278210
11,21000000,22000000,0.432652,87478210
11,21200000,22200000,0.432659,87678210
11,21400000,22400000,0.434055,87878210
11,21600000,22600000,0.431659,88078210
11,21800000,22800000,0.431985,88278210
11,22000000,23000000,0.432716,88478210
11,22200000,23200000,0.427326,88678210
11,22400000,23400000,0.426917,88878210
11,22600000,23600000,0.42588,89078210
11,22800000,23800000,0.429936,89278210
11,23000000,24000000,0.430898,89478210
11,23200000,24200000,0.438624,89678210
11,23400000,24400000,0.436925,89878210
11,23600000,24600000,0.437969,90078210
11,23800000,24800000,0.431213,90278210
11,24000000,25000000,0.429598,90478210
11,24200000,25200000,0.422245,90678210
11,24400000,25400000,0.419218,90878210
11,24600000,25600000,0.423377,91078210
11,24800000,25800000,0.43109,91278210
11,25000000,26000000,0.431343,91478210
11,25200000,26200000,0.439755,91678210
11,25400000,26400000,0.444865,91878210
11,25600000,26600000,0.437474,92078210
11,25800000,26800000,0.433123,92278210
11,26000000,27000000,0.438266,92478210
11,26200000,27200000,0.436534,92678210
11,26400000,27400000,0.435969,92878210
11,26600000,27600000,0.441416,93078210
11,26800000,27800000,0.441815,93278210
11,27000000,28000000,0.435408,93478210
11,27200000,28200000,0.42896,93678210
11,27400000,28400000,0.428937,93878210
11,27600000,28600000,0.42778,94078210
11,27800000,28800000,0.428049,94278210
11,28000000,29000000,0.432445,94478210
11,28200000,29021106,0.4368181452820951,94678210
11,28400000,29021106,0.4374358000083722,94878210
11,28600000,29021106,0.4413924285096864,95078210
11,28800000,29021106,0.4423398731829982,95278210
11,29000000,29021106,0.4331943523168767,95478210
12,0,1000000,0.432874,95499316
12,200000,1200000,0.433224,95699316
12,400000,1400000,0.429882,95899316
12,600000,1600000,0.423505,96099316
12,800000,1800000,0.426918,96299316
12,1000000,2000000,0.428837,96499316
12,1200000,2200000,0.43127,96699316
12,1400000,2400000,0.434264,96899316
12,1600000,2600000,0.437266,97099316
12,1800000,2800000,0.433349,97299316
12,2000000,3000000,0.427555,97499316
12,2200000,3200000,0.422714,97699316
12,2400000,3400000,0.424169,97899316
12,2600000,3600000,0.420205,98099316
12,2800000,3800000,0.417395,98299316
12,3000000,4000000,0.419419,98499316
12,3200000,4200000,0.420766,98699316
12,3400000,4400000,0.426326,98899316
12,3600000,4600000,0.422845,99099316
12,3800000,4800000,0.423557,99299316
12,4000000,5000000,0.425966,99499316
12,4200000,5200000,0.423641,99699316
12,4400000,5400000,0.423203,99899316
12,4600000,5600000,0.427886,100099316
12,4800000,5800000,0.424153,100299316
12,5000000,6000000,0.424827,100499316
12,5200000,6200000,0.432026,100699316
12,5400000,6400000,0.427654,100899316
12,5600000,6600000,0.426765,101099316
12,5800000,6800000,0.436581,101299316
12,6000000,7000000,0.436551,101499316
12,6200000,7200000,0.429457,101699316
12,6400000,7400000,0.426988,101899316
12,6600000,7600000,0.425279,102099316
12,6800000,7800000,0.419814,102299316
12,7000000,8000000,0.417323,102499316
12,7200000,8200000,0.419109,102699316
12,7400000,8400000,0.418655,102899316
12,7600000,8600000,0.426068,103099316
12,7800000,8800000,0.428637,103299316
12,8000000,9000000,0.43274,103499316
12,8200000,9200000,0.436576,103699316
12,8400000,9400000,0.4333,103899316
12,8600000,9600000,0.430826,104099316
12,8800000,9800000,0.436592,104299316
12,9000000,10000000,0.433206,104499316
12,9200000,10200000,0.432995,104699316
12,9400000,10400000,0.437007,104899316
12,9600000,10600000,0.438209,105099316
12,9800000,10800000,0.435582,105299316
12,10000000,11000000,0.433505,105499316
12,10200000,11200000,0.433899,105699316
12,10400000,11400000,0.431765,105899316
12,10600000,11600000,0.434925,106099316
12,10800000,11800000,0.437386,106299316
12,11000000,12000000,0.44415,106499316
12,11200000,12200000,0.441694,106699316
12,11400000,12400000,0.448171,106899316
12,11600000,12600000,0.444243,107099316
12,11800000,12800000,0.438832,107299316
12,12000000,13000000,0.434572,107499316
12,12200000,13200000,0.435088,107699316
12,12400000,13400000,0.437547,107899316
12,12600000,13600000,0.43868,108099316
12,12800000,13800000,0.441222,108299316
12,13000000,14000000,0.443847,108499316
12,13200000,14200000,0.43701,108699316
12,13400000,14400000,0.433182,108899316
12,13600000,14600000,0.432167,109099316
12,13800000,14800000,0.430212,109299316
12,14000000,15000000,0.426738,109499316
12,14200000,15200000,0.434052,109699316
12,14400000,15400000,0.433132,109899316
12,14600000,15600000,0.430215,110099316
12,14800000,15800000,0.4322,110299316
12,15000000,16000000,0.432254,110499316
12,15200000,16200000,0.427383,110699316
12,15400000,16400000,0.430929,110899316
12,15600000,16600000,0.432044,111099316
12,15800000,16800000,0.433628,111299316
12,16000000,17000000,0.439544,111499316
12,16200000,17200000,0.450599,111699316
12,16400000,17400000,0.448698,111899316
12,16600000,17600000,0.445834,112099316
12,16800000,17800000,0.439376,112299316
12,17000000,18000000,0.43087,112499316
12,17200000,18200000,0.42053,112699316
12,17400000,18400000,0.41864,112899316
12,17600000,18600000,0.423131,113099316
12,17800000,18800000,0.429443,113299316
12,18000000,19000000,0.431071,113499316
12,18200000,19200000,0.429581,113699316
12,18400000,19400000,0.426303,113899316
12,18600000,19600000,0.420568,114099316
12,18800000,19800000,0.414478,114299316
12,19000000,20000000,0.414287,114499316
12,19200000,20200000,0.415835,114699316
12,19400000,20400000,0.423349,114899316
12,19600000,20600000,0.434948,115099316
12,19800000,20800000,0.443835,115299316
12,20000000,21000000,0.443532,115499316
12,20200000,21200000,0.441541,115699316
12,20400000,21400000,0.440909,115899316
12,20600000,21600000,0.433355,116099316
12,20800000,21800000,0.423098,116299316
12,21000000,22000000,0.422606,116499316
12,21200000,22200000,0.424037,116699316
12,21400000,22400000,0.424035,116899316
12,21600000,22600000,0.422529,117099316
12,21800000,22800000,0.424526,117299316
12,22000000,23000000,0.430344,117499316
12,22200000,23200000,0.429826,117699316
12,22400000,23400000,0.426148,117899316
12,22600000,23600000,0.425168,118099316
12,22800000,23800000,0.428156,118299316
12,23000000,24000000,0.420984,118499316
12,23200000,24200000,0.422948,118699316
12,23400000,24400000,0.418017,118899316
12,23600000,24600000,0.422854,119099316
12,23800000,24800000,0.422973,119299316
12,24000000,25000000,0.425817,119499316
12,24200000,25200000,0.42916,119699316
12,24400000,25400000,0.435251,119899316
12,24600000,25600000,0.430569,120099316
12,24800000,25800000,0.431945,120299316
12,25000000,26000000,0.4293,120499316
12,25200000,26200000,0.423728,120699316
12,25400000,26400000,0.41955,120899316
12,25600000,26600000,0.424125,121099316
12,25800000,26800000,0.421521,121299316
12,26000000,27000000,0.424848,121499316
12,26200000,27200000,0.427802,121699316
12,26400000,27400000,0.432496,121899316
12,26600000,27531856,0.43181349908140315,122099316
12,26800000,27531856,0.4329499245753263,122299316
12,27000000,27531856,0.43499744291687975,122499316
12,27200000,27531856,0.4376205342076081,122699316
12,27400000,27531856,0.4312659264652348,122899316
AP008246,0,206004,0.4275111162890041,373510642
AP008246,200000,206004,0.41455696202531644,373710642
AP008247,0,157458,0.45182842408769325,373716646
AC160949,0,128256,0.42955495259481036,373366960
AC156495,0,88500,0.4745988700564972,373278460
AC155918,0,32941,0.4732096779089888,373245519
Syng_TIGR_028,0,31094,0.4217855534829871,374802604
Syng_TIGR_023,0,24772,0.4148635556273212,374736279
Syng_TIGR_045,0,22545,0.47531603459747174,374972534
Syng_TIGR_005,0,21787,0.5035112681874512,374533082
Syng_TIGR_014,0,21421,0.4260772139489286,374642984
Syng_TIGR_047,0,20829,0.4387632627586538,375006526
Syng_TIGR_026,0,19971,0.41780581843673326,374771111
Syng_TIGR_004,0,19457,0.3845402682839081,374513625
Syng_TIGR_021,0,17477,0.4046461063111518,374708913
Syng_TIGR_008,0,16676,0.38288558407291917,374562689
Syng_TIGR_012,0,16417,0.47450813181458246,374616055
Syng_TIGR_010,0,15493,0.46666236364809915,374589661
AC174930,0,15426,0.4148839621418385,373495216
Syng_TIGR_002,0,14476,0.42311411992263054,374499149
Syng_TIGR_037,0,13061,0.41934001990659214,374919051
Syng_TIGR_029,0,12884,0.4606488668115492,374833698
Syng_TIGR_016,0,12792,0.37640712945590993,374675000
Syng_TIGR_027,0,11522,0.425273390036452,374791082
Syng_TIGR_046,0,11447,0.44072682798986634,374995079
Syng_TIGR_033,0,11093,0.5097809429369873,374876527
Syng_TIGR_011,0,10901,0.4162920832951105,374605154
Syng_TIGR_030,0,10794,0.4317213266629609,374846582
Syng_TIGR_020,0,10699,0.4818207309094308,374698214
Syng_TIGR_035,0,10686,0.4724873666479506,374897931
Syng_TIGR_015,0,10595,0.43605474280320905,374664405
Syng_TIGR_013,0,10512,0.523972602739726,374632472
Syng_TIGR_036,0,10434,0.46818094690435114,374908617
Syng_TIGR_019,0,10422,0.40663980042218384,374687792
Syng_TIGR_034,0,10311,0.6196295218698478,374887620
Syng_TIGR_009,0,10296,0.533022533022533,374579365
Syng_TIGR_041,0,10210,0.4533790401567091,374946578
Syng_TIGR_024,0,10060,0.5149105367793241,374761051
Syng_TIGR_022,0,9889,0.49853372434017595,374726390
Syng_TIGR_032,0,9603,0.4369467874622514,374866924
Syng_TIGR_031,0,9548,0.6006493506493507,374857376
Syng_TIGR_050,0,8529,0.49337554226755775,375040756
Syng_TIGR_038,0,8197,0.42844943271928754,374932112
Syng_TIGR_007,0,7820,0.6177749360613811,374554869
Syng_TIGR_048,0,7140,0.47675070028011207,375027355
Syng_TIGR_039,0,6269,0.43276439623544427,374940309
Syng_TIGR_049,0,6261,0.5455997444497684,375034495
Syng_TIGR_044,0,6000,0.4076666666666667,374966534
Syng_TIGR_042,0,5510,0.6288566243194192,374956788
Syng_TIGR_043,0,4236,0.6480169971671388,374962298
